{
  "mode": "offline_pipeline",
  "runs_requested": 10,
  "runs_succeeded": 10,
  "runs_failed": 0,
  "success_rate": 1.0,
  "concurrency": 3,
  "latency_ms": {
    "min": 0.2818999928422272,
    "mean": 33.415029996831436,
    "p50": 0.38359999598469585,
    "p95": 111.83169999276288,
    "max": 111.83169999276288
  },
  "throughput_qps": 88.44516930709094,
  "elapsed_s": 0.11306439999316353,
  "failure_samples": [],
  "metadata": {
    "timestamp_utc": "2026-03-03T16:46:41.343889+00:00",
    "python": "3.13.7",
    "platform": "Windows-11-10.0.26200-SP0",
    "git_sha": "9bc67d9"
  }
}